{
  "avg_gap":{
    "0":{
      "GRASP_Inicial":54.9002276124,
      "HillClimbing":5.9340754222,
      "VND":1.773978798
    }
  },
  "win_rates":{
    "0":{
      "GRASP_Inicial":0.0,
      "HillClimbing":31.0,
      "VND":69.0
    }
  },
  "consistency":{
    "0":{
      "GRASP_Inicial":0.8912375873,
      "HillClimbing":0.424788065,
      "VND":0.3401145894
    }
  },
  "robustness":{
    "0":{
      "VND":0.0,
      "HillClimbing":0.0811630106,
      "GRASP_Inicial":0.6126184997
    }
  },
  "pareto_optimal":{
    "0":[
      "HillClimbing",
      "VND"
    ]
  },
  "friedman_pvalue":{
    "0":7.24620769e-35
  }
}